{
  "accuracy": 0.4574468085106383,
  "f1_macro": 0.41065042254973605,
  "precision": 0.6075937950937951,
  "recall": 0.4391915954415954
}