{
  "accuracy_mean": 0.5469472710453285,
  "accuracy_std": 0.07994153121423829,
  "f1_macro_mean": 0.49796370414668595,
  "f1_macro_std": 0.1027848048446906,
  "precision_mean": 0.5753667304344549,
  "precision_std": 0.13922779257623233,
  "recall_mean": 0.5378042328042328,
  "recall_std": 0.08459625655426414
}