{
  "accuracy": 0.5470085470085471,
  "f1_macro": 0.5412289724247669,
  "precision": 0.5467034280147886,
  "recall": 0.5388211959158892
}