{
  "accuracy": 0.5531914893617021,
  "f1_macro": 0.5249679796864729,
  "precision": 0.6608488733488734,
  "recall": 0.5615206552706552
}