{
  "accuracy_mean": 0.843940795559667,
  "accuracy_std": 0.060450718236799504,
  "f1_macro_mean": 0.8385796125385909,
  "f1_macro_std": 0.06557727523477079,
  "precision_mean": 0.8574031986531987,
  "precision_std": 0.055881230456147714,
  "recall_mean": 0.8391997354497354,
  "recall_std": 0.06493608438364332
}