{
  "accuracy": 0.844017094017094,
  "f1_macro": 0.8395766189993427,
  "precision": 0.841648481432106,
  "recall": 0.8395935425739882
}