{
  "accuracy_mean": 0.4035615171137835,
  "accuracy_std": 0.04782315688396127,
  "f1_macro_mean": 0.3957695455214749,
  "f1_macro_std": 0.04763445221952854,
  "precision_mean": 0.4422865097865098,
  "precision_std": 0.05314627057177955,
  "recall_mean": 0.40828703703703706,
  "recall_std": 0.050953232990095916
}