{
  "accuracy": 0.40384615384615385,
  "f1_macro": 0.40416737140422393,
  "precision": 0.4171360044992589,
  "recall": 0.4097006647454619
}