{
  "accuracy_mean": 0.6197039777983349,
  "accuracy_std": 0.027515022050821847,
  "f1_macro_mean": 0.6026056532283818,
  "f1_macro_std": 0.03582098433442243,
  "precision_mean": 0.6355948000800942,
  "precision_std": 0.05321721145719254,
  "recall_mean": 0.6059457671957671,
  "recall_std": 0.03251093562317457
}