{
  "accuracy": 0.6196581196581197,
  "f1_macro": 0.6076615984213989,
  "precision": 0.618346534829615,
  "recall": 0.6063502310647729
}