{
  "accuracy": 0.5106382978723404,
  "f1_macro": 0.4661950386215092,
  "precision": 0.5721230158730158,
  "recall": 0.48780270655270663
}