{
  "accuracy_mean": 0.3416281221091582,
  "accuracy_std": 0.07525062718463751,
  "f1_macro_mean": 0.284380082179012,
  "f1_macro_std": 0.06457628682966078,
  "precision_mean": 0.3132436727502516,
  "precision_std": 0.09672361903620616,
  "recall_mean": 0.31912698412698415,
  "recall_std": 0.07295826028178201
}