{
  "accuracy": 0.3418803418803419,
  "f1_macro": 0.2906918777223599,
  "precision": 0.3164882468409904,
  "recall": 0.31917524311342643
}