{
  "accuracy_mean": 0.33769657724329327,
  "accuracy_std": 0.08277651127066783,
  "f1_macro_mean": 0.2552970962461504,
  "f1_macro_std": 0.08610314595318716,
  "precision_mean": 0.2545516405965322,
  "precision_std": 0.10432887451422883,
  "recall_mean": 0.34462301587301586,
  "recall_std": 0.08333638846545498
}