{
  "accuracy_mean": 0.9337650323774284,
  "accuracy_std": 0.038786670985850834,
  "f1_macro_mean": 0.9314014784951317,
  "f1_macro_std": 0.041434624747691086,
  "precision_mean": 0.9437367724867725,
  "precision_std": 0.03322789588828701,
  "recall_mean": 0.9292526455026454,
  "recall_std": 0.043055241121585264
}