{
  "accuracy": 0.3404255319148936,
  "f1_macro": 0.2830743823731201,
  "precision": 0.30163214061519145,
  "recall": 0.3303952991452992
}