{
  "accuracy": 0.8829787234042553,
  "f1_macro": 0.884773635115191,
  "precision": 0.8989932216905901,
  "recall": 0.8792735042735043
}