{
  "accuracy_mean": 0.3956059204440333,
  "accuracy_std": 0.07152469007258772,
  "f1_macro_mean": 0.3783164307956494,
  "f1_macro_std": 0.07792626993307442,
  "precision_mean": 0.44380632245528256,
  "precision_std": 0.10511020367041903,
  "recall_mean": 0.39078042328042323,
  "recall_std": 0.07249635576592331
}