{
  "accuracy": 0.3952991452991453,
  "f1_macro": 0.38880710552261766,
  "precision": 0.4226654616475432,
  "recall": 0.38886504373447767
}