{
  "accuracy": 0.3723404255319149,
  "f1_macro": 0.31291989664082687,
  "precision": 0.2957692307692308,
  "recall": 0.3508725071225071
}