{
  "accuracy": 0.7978723404255319,
  "f1_macro": 0.7832775956187934,
  "precision": 0.8157281315176053,
  "recall": 0.7826745014245015
}