{
  "accuracy_mean": 0.40592044403330246,
  "accuracy_std": 0.06886773423959033,
  "f1_macro_mean": 0.35006596659518074,
  "f1_macro_std": 0.0693286841364867,
  "precision_mean": 0.41200087121291185,
  "precision_std": 0.08060991158474656,
  "recall_mean": 0.4184325396825397,
  "recall_std": 0.0614078668383896
}