{
  "accuracy": 0.405982905982906,
  "f1_macro": 0.4028260942332722,
  "precision": 0.4078738585573897,
  "recall": 0.41750514078815754
}