{
  "accuracy_mean": 0.1944495837187789,
  "accuracy_std": 0.0063223602682115744,
  "f1_macro_mean": 0.054257044125465184,
  "f1_macro_std": 0.0014589807123355659,
  "precision_mean": 0.03240826395312981,
  "precision_std": 0.001053726711368597,
  "recall_mean": 0.16666666666666669,
  "recall_std": 2.7755575615628914e-17
}