{
  "accuracy": 0.19444444444444445,
  "f1_macro": 0.054263565891472874,
  "precision": 0.032407407407407406,
  "recall": 0.16666666666666666
}