{
  "accuracy": 0.6702127659574468,
  "f1_macro": 0.6587052905216497,
  "precision": 0.6915715656892129,
  "recall": 0.6540242165242165
}