{
  "accuracy_mean": 0.9380666049953745,
  "accuracy_std": 0.034971079174655945,
  "f1_macro_mean": 0.9356205909959782,
  "f1_macro_std": 0.03827811379832104,
  "precision_mean": 0.946237974987975,
  "precision_std": 0.031746748461681185,
  "recall_mean": 0.9341137566137567,
  "recall_std": 0.038803984900292125
}