{
  "accuracy": 0.938034188034188,
  "f1_macro": 0.9364120231231031,
  "precision": 0.9399576357501694,
  "recall": 0.9344964049343313
}