{
  "accuracy_mean": 0.9337650323774284,
  "accuracy_std": 0.038786670985850834,
  "f1_macro_mean": 0.9317007333338603,
  "f1_macro_std": 0.04153357284101716,
  "precision_mean": 0.9413576238576237,
  "precision_std": 0.036540680396589,
  "recall_mean": 0.9296494708994709,
  "recall_std": 0.04287914275057268
}