{
  "accuracy": 0.8829787234042553,
  "f1_macro": 0.8816993464052288,
  "precision": 0.8909782347282348,
  "recall": 0.8804309116809116
}