{
  "accuracy": 0.4787234042553192,
  "f1_macro": 0.4412654736184147,
  "precision": 0.5917755991285403,
  "recall": 0.4769408831908832
}