{
  "accuracy": 0.46808510638297873,
  "f1_macro": 0.35492801771871535,
  "precision": 0.3296296296296296,
  "recall": 0.4259259259259259
}