{
  "accuracy_mean": 0.5513876040703053,
  "accuracy_std": 0.07754168878587794,
  "f1_macro_mean": 0.5212846769113091,
  "f1_macro_std": 0.0880766122461486,
  "precision_mean": 0.608743488265547,
  "precision_std": 0.11600341220179151,
  "recall_mean": 0.532175925925926,
  "recall_std": 0.07821113955868433
}