{
  "accuracy": 0.5512820512820513,
  "f1_macro": 0.5268533371563294,
  "precision": 0.5832964235414854,
  "recall": 0.5319964351355985
}