{
  "accuracy": 0.8191489361702128,
  "f1_macro": 0.8212637681782143,
  "precision": 0.8425716440422324,
  "recall": 0.8165954415954416
}