{
  "accuracy": 0.7872340425531915,
  "f1_macro": 0.7745615119598859,
  "precision": 0.8078866856360462,
  "recall": 0.777065527065527
}