{
  "accuracy": 0.39361702127659576,
  "f1_macro": 0.39136898846560525,
  "precision": 0.6117914979757085,
  "recall": 0.38497150997151003
}