{
  "accuracy": 0.1702127659574468,
  "f1_macro": 0.15320854218880534,
  "precision": 0.3046849569867473,
  "recall": 0.17423433048433049
}