{
  "accuracy": 0.8723404255319149,
  "f1_macro": 0.8669269699704483,
  "precision": 0.8795043163464217,
  "recall": 0.8640491452991453
}