{
  "accuracy_mean": 0.9101757631822386,
  "accuracy_std": 0.05138125475453899,
  "f1_macro_mean": 0.9059400340514893,
  "f1_macro_std": 0.055604541318397656,
  "precision_mean": 0.9131391293891294,
  "precision_std": 0.05169101222735535,
  "recall_mean": 0.9052116402116402,
  "recall_std": 0.05655613352154727
}