{
  "accuracy": 0.9102564102564102,
  "f1_macro": 0.9069634359930264,
  "precision": 0.9098539293651222,
  "recall": 0.9053060505378047
}