{
  "accuracy": 0.2765957446808511,
  "f1_macro": 0.13732004429678848,
  "precision": 0.09935897435897435,
  "recall": 0.2511574074074074
}