{
  "accuracy": 0.8461538461538461,
  "f1_macro": 0.7462243624902427,
  "precision": 0.7501297313797315,
  "recall": 0.758346688034188
}