{
  "accuracy_mean": 0.8352451433857538,
  "accuracy_std": 0.059789403185697546,
  "f1_macro_mean": 0.8312935490721868,
  "f1_macro_std": 0.06202401497474967,
  "precision_mean": 0.85126924001924,
  "precision_std": 0.06025779015011248,
  "recall_mean": 0.8326256613756614,
  "recall_std": 0.06347877981907327
}