{
  "accuracy": 0.8354700854700855,
  "f1_macro": 0.8338052669450312,
  "precision": 0.8362528027491822,
  "recall": 0.8324726765533991
}