{
  "accuracy": 0.8723404255319149,
  "f1_macro": 0.8720214752567695,
  "precision": 0.8840152222505164,
  "recall": 0.8676103988603989
}