{
  "accuracy": 0.5384615384615384,
  "f1_macro": 0.5368773651966672,
  "precision": 0.5361690171794206,
  "recall": 0.5386531067279362
}