{
  "accuracy": 0.2765957446808511,
  "f1_macro": 0.236909020090725,
  "precision": 0.2776710481968318,
  "recall": 0.27234686609686615
}