{
  "accuracy_mean": 0.5851063829787234,
  "accuracy_std": 0.06821500749954136,
  "f1_macro_mean": 0.5679729395131872,
  "f1_macro_std": 0.07786105850557387,
  "precision_mean": 0.5801791726791726,
  "precision_std": 0.08121425835853516,
  "recall_mean": 0.5766203703703703,
  "recall_std": 0.07083578025750997
}