{
  "accuracy": 0.5854700854700855,
  "f1_macro": 0.5734340796394517,
  "precision": 0.5721956361078656,
  "recall": 0.5758969811431323
}