{
  "accuracy_mean": 0.6259019426456985,
  "accuracy_std": 0.06356371093497634,
  "f1_macro_mean": 0.614304655120882,
  "f1_macro_std": 0.0690216504349541,
  "precision_mean": 0.6313656251156251,
  "precision_std": 0.07282172176286562,
  "recall_mean": 0.6192989417989418,
  "recall_std": 0.06673381890251717
}