{
  "accuracy": 0.6260683760683761,
  "f1_macro": 0.6177457481644733,
  "precision": 0.6218927273184506,
  "recall": 0.6172720391828127
}