{
  "accuracy": 0.33760683760683763,
  "f1_macro": 0.3263452253132904,
  "precision": 0.3294275050089772,
  "recall": 0.34609262767408033
}