{
  "accuracy": 0.6808510638297872,
  "f1_macro": 0.6722412889079555,
  "precision": 0.6859683932052354,
  "recall": 0.6737891737891738
}