{
  "accuracy": 0.3829787234042553,
  "f1_macro": 0.32475282133226807,
  "precision": 0.536217437533227,
  "recall": 0.39734686609686615
}