{
  "accuracy": 0.8846153846153846,
  "f1_macro": 0.7793747537740673,
  "precision": 0.777096185977765,
  "recall": 0.7913995726495726
}