{
  "accuracy": 0.8723404255319149,
  "f1_macro": 0.8712074744427687,
  "precision": 0.8810726310726311,
  "recall": 0.8676103988603989
}