{
  "accuracy": 0.2872340425531915,
  "f1_macro": 0.27160559339587476,
  "precision": 0.2704365079365079,
  "recall": 0.27804487179487175
}