{
  "accuracy_mean": 0.31637372802960223,
  "accuracy_std": 0.03892113300853591,
  "f1_macro_mean": 0.21874021194028934,
  "f1_macro_std": 0.02821913246275971,
  "precision_mean": 0.19922953495779586,
  "precision_std": 0.0441022988445841,
  "recall_mean": 0.28921296296296295,
  "recall_std": 0.037215455668358634
}