{
  "accuracy": 0.3162393162393162,
  "f1_macro": 0.22115248106052762,
  "precision": 0.2099592357480707,
  "recall": 0.2889273107009767
}