{
  "accuracy": 0.4148936170212766,
  "f1_macro": 0.38837774661056573,
  "precision": 0.4608437314319667,
  "recall": 0.4166666666666667
}