{
  "accuracy_mean": 0.29454209065679926,
  "accuracy_std": 0.10080238708621951,
  "f1_macro_mean": 0.24279136723134903,
  "f1_macro_std": 0.08805315479227964,
  "precision_mean": 0.280055839936041,
  "precision_std": 0.1285061576818255,
  "recall_mean": 0.2993518518518518,
  "recall_std": 0.08661079713942106
}