{
  "accuracy": 0.2948717948717949,
  "f1_macro": 0.2863234598186201,
  "precision": 0.2975903751170413,
  "recall": 0.2960197217436611
}