{
  "accuracy_mean": 0.8140610545790933,
  "accuracy_std": 0.05318465145285442,
  "f1_macro_mean": 0.8046074556678272,
  "f1_macro_std": 0.056251316442124104,
  "precision_mean": 0.8204521404521404,
  "precision_std": 0.05230767133728402,
  "recall_mean": 0.8091666666666667,
  "recall_std": 0.05749992697020494
}