{
  "accuracy": 0.8141025641025641,
  "f1_macro": 0.8083347594660579,
  "precision": 0.8119509688369848,
  "recall": 0.8081379698218952
}