{
  "accuracy": 0.2978723404255319,
  "f1_macro": 0.19713804713804714,
  "precision": 0.1688977688977689,
  "recall": 0.2708333333333333
}