{
  "accuracy": 0.844017094017094,
  "f1_macro": 0.8410231087746309,
  "precision": 0.8439501367308239,
  "recall": 0.8405286203396485
}