{
  "accuracy": 0.4574468085106383,
  "f1_macro": 0.4501234758450378,
  "precision": 0.45786815523657626,
  "recall": 0.44871794871794873
}