{
  "accuracy_mean": 0.380249768732655,
  "accuracy_std": 0.07792534574085508,
  "f1_macro_mean": 0.35706735161086345,
  "f1_macro_std": 0.07982516088209503,
  "precision_mean": 0.37225339475339475,
  "precision_std": 0.0797614689132559,
  "recall_mean": 0.36828042328042326,
  "recall_std": 0.07656182582020556
}