{
  "accuracy": 0.3803418803418803,
  "f1_macro": 0.3639041520693267,
  "precision": 0.37405245256122693,
  "recall": 0.3676843824566584
}