{
  "accuracy": 0.32978723404255317,
  "f1_macro": 0.25615032985299463,
  "precision": 0.2295414462081129,
  "recall": 0.2986111111111111
}