{
  "accuracy_mean": 0.5470397779833488,
  "accuracy_std": 0.06622038260805362,
  "f1_macro_mean": 0.5358613712581273,
  "f1_macro_std": 0.06702489365390986,
  "precision_mean": 0.5637785362785364,
  "precision_std": 0.05831593431062267,
  "recall_mean": 0.5447222222222222,
  "recall_std": 0.06718036891853164
}