{
  "accuracy": 0.5470085470085471,
  "f1_macro": 0.543306421126013,
  "precision": 0.5480350566407507,
  "recall": 0.5463732114716836
}