{
  "accuracy": 0.19148936170212766,
  "f1_macro": 0.15301232089434735,
  "precision": 0.1484508547008547,
  "recall": 0.20432692307692304
}