{
  "accuracy": 0.6382978723404256,
  "f1_macro": 0.6290181097906056,
  "precision": 0.669949494949495,
  "recall": 0.6250890313390313
}