{
  "accuracy": 0.8723404255319149,
  "f1_macro": 0.8726382530474602,
  "precision": 0.886911723753829,
  "recall": 0.8676103988603989
}