{
  "accuracy": 0.3404255319148936,
  "f1_macro": 0.27850877192982454,
  "precision": 0.2537379287379287,
  "recall": 0.31597222222222227
}