{
  "accuracy": 0.26595744680851063,
  "f1_macro": 0.26411732784281805,
  "precision": 0.2658489171647066,
  "recall": 0.26433404558404555
}