{
  "accuracy": 0.7978723404255319,
  "f1_macro": 0.7926430345322372,
  "precision": 0.8061575596422145,
  "recall": 0.7922008547008547
}