{
  "accuracy_mean": 0.5787696577243293,
  "accuracy_std": 0.05941583516138673,
  "f1_macro_mean": 0.5603744826151946,
  "f1_macro_std": 0.06956727875752475,
  "precision_mean": 0.5753297628297628,
  "precision_std": 0.07335590701369012,
  "recall_mean": 0.5697817460317459,
  "recall_std": 0.062062700226007246
}