{
  "accuracy": 0.5790598290598291,
  "f1_macro": 0.567329079431119,
  "precision": 0.565674668646538,
  "recall": 0.5702743205349562
}