{
  "accuracy_mean": 0.35245143385753935,
  "accuracy_std": 0.052425812804067266,
  "f1_macro_mean": 0.31750496962367536,
  "f1_macro_std": 0.05720452650009534,
  "precision_mean": 0.38915915103415094,
  "precision_std": 0.09460216348812335,
  "recall_mean": 0.34726851851851853,
  "recall_std": 0.05031940624384186
}