{
  "accuracy": 0.3525641025641026,
  "f1_macro": 0.35016089431333236,
  "precision": 0.35604298035804893,
  "recall": 0.3484429872172548
}