{
  "accuracy_mean": 0.49565217391304345,
  "accuracy_std": 0.07684988473476617,
  "f1_macro_mean": 0.42254816430584086,
  "f1_macro_std": 0.10760476337002466,
  "precision_mean": 0.47887049196646714,
  "precision_std": 0.12826301762778605,
  "recall_mean": 0.4798544973544974,
  "recall_std": 0.08675107108452984
}