{
  "accuracy": 0.49572649572649574,
  "f1_macro": 0.47855724718886056,
  "precision": 0.4858665826677955,
  "recall": 0.48293844570258576
}