{
  "accuracy": 0.39361702127659576,
  "f1_macro": 0.3331664998331665,
  "precision": 0.3791733120680489,
  "recall": 0.3847934472934473
}