{
  "accuracy": 0.8936170212765957,
  "f1_macro": 0.8935992674702353,
  "precision": 0.9051615223441849,
  "recall": 0.8885327635327634
}