{
  "accuracy": 0.46808510638297873,
  "f1_macro": 0.395345466801483,
  "precision": 0.4268077601410935,
  "recall": 0.4436431623931624
}