{
  "accuracy": 0.5531914893617021,
  "f1_macro": 0.5175960735171261,
  "precision": 0.6059027777777778,
  "recall": 0.5284009971509972
}