{
  "accuracy_mean": 0.6409805735430157,
  "accuracy_std": 0.08336533093959321,
  "f1_macro_mean": 0.6273671504743991,
  "f1_macro_std": 0.0837121124958079,
  "precision_mean": 0.6644040681540682,
  "precision_std": 0.07790687495068978,
  "recall_mean": 0.636792328042328,
  "recall_std": 0.0844955749867284
}