{
  "accuracy": 0.6410256410256411,
  "f1_macro": 0.6339431694205515,
  "precision": 0.6356340860501929,
  "recall": 0.635418021623166
}