{
  "accuracy_mean": 0.561840888066605,
  "accuracy_std": 0.037304533913080334,
  "f1_macro_mean": 0.5471184242314273,
  "f1_macro_std": 0.04483837086724153,
  "precision_mean": 0.5623953823953823,
  "precision_std": 0.051497869419296675,
  "recall_mean": 0.55380291005291,
  "recall_std": 0.041104390938324
}