{
  "accuracy": 0.561965811965812,
  "f1_macro": 0.551631780135473,
  "precision": 0.5518665616315928,
  "recall": 0.5530014072863456
}