{
  "accuracy": 0.8936170212765957,
  "f1_macro": 0.893237700080804,
  "precision": 0.9120370370370371,
  "recall": 0.8872863247863249
}