{
  "accuracy": 0.6346153846153846,
  "f1_macro": 0.6283681343641869,
  "precision": 0.6280594682745492,
  "recall": 0.6303116404464993
}