{
  "HDPE": {
    "precision": 0.8823529411764706,
    "recall": 0.9375,
    "f1-score": 0.9090909090909091,
    "support": 16.0
  },
  "LDPE": {
    "precision": 0.9090909090909091,
    "recall": 0.7692307692307693,
    "f1-score": 0.8333333333333334,
    "support": 13.0
  },
  "Other": {
    "precision": 0.8,
    "recall": 1.0,
    "f1-score": 0.8888888888888888,
    "support": 8.0
  },
  "PET": {
    "precision": 1.0,
    "recall": 1.0,
    "f1-score": 1.0,
    "support": 18.0
  },
  "PP": {
    "precision": 0.9333333333333333,
    "recall": 0.875,
    "f1-score": 0.9032258064516129,
    "support": 16.0
  },
  "PS": {
    "precision": 1.0,
    "recall": 1.0,
    "f1-score": 1.0,
    "support": 13.0
  },
  "PVC": {
    "precision": 0.9,
    "recall": 1.0,
    "f1-score": 0.9473684210526315,
    "support": 18.0
  },
  "unknown": {
    "precision": 0.0,
    "recall": 0.0,
    "f1-score": 0.0,
    "support": 2.0
  },
  "accuracy": 0.9230769230769231,
  "macro avg": {
    "precision": 0.8030971479500892,
    "recall": 0.8227163461538461,
    "f1-score": 0.8102384198521719,
    "support": 104.0
  },
  "weighted avg": {
    "precision": 0.9083573289455642,
    "recall": 0.9230769230769231,
    "f1-score": 0.9134052256930016,
    "support": 104.0
  }
}