{
  "HDPE": {
    "precision": 0.9375,
    "recall": 0.9375,
    "f1-score": 0.9375,
    "support": 16.0
  },
  "LDPE": {
    "precision": 0.9166666666666666,
    "recall": 0.8461538461538461,
    "f1-score": 0.88,
    "support": 13.0
  },
  "PET": {
    "precision": 0.8181818181818182,
    "recall": 1.0,
    "f1-score": 0.9,
    "support": 18.0
  },
  "PP": {
    "precision": 0.9333333333333333,
    "recall": 0.875,
    "f1-score": 0.9032258064516129,
    "support": 16.0
  },
  "PS": {
    "precision": 1.0,
    "recall": 0.9230769230769231,
    "f1-score": 0.96,
    "support": 13.0
  },
  "PVC": {
    "precision": 1.0,
    "recall": 0.9444444444444444,
    "f1-score": 0.9714285714285714,
    "support": 18.0
  },
  "accuracy": 0.925531914893617,
  "macro avg": {
    "precision": 0.934280303030303,
    "recall": 0.9210292022792023,
    "f1-score": 0.9253590629800307,
    "support": 94.0
  },
  "weighted avg": {
    "precision": 0.9316731141199226,
    "recall": 0.925531914893617,
    "f1-score": 0.9261417786057456,
    "support": 94.0
  }
}