{
  "HDPE": {
    "precision": 0.8421052631578947,
    "recall": 1.0,
    "f1-score": 0.9142857142857143,
    "support": 16.0
  },
  "LDPE": {
    "precision": 1.0,
    "recall": 0.6923076923076923,
    "f1-score": 0.8181818181818182,
    "support": 13.0
  },
  "Other": {
    "precision": 0.8,
    "recall": 1.0,
    "f1-score": 0.8888888888888888,
    "support": 8.0
  },
  "PET": {
    "precision": 0.9444444444444444,
    "recall": 0.9444444444444444,
    "f1-score": 0.9444444444444444,
    "support": 18.0
  },
  "PP": {
    "precision": 0.8666666666666667,
    "recall": 0.8125,
    "f1-score": 0.8387096774193549,
    "support": 16.0
  },
  "PS": {
    "precision": 0.9230769230769231,
    "recall": 0.9230769230769231,
    "f1-score": 0.9230769230769231,
    "support": 13.0
  },
  "PVC": {
    "precision": 0.85,
    "recall": 0.9444444444444444,
    "f1-score": 0.8947368421052632,
    "support": 18.0
  },
  "unknown": {
    "precision": 0.0,
    "recall": 0.0,
    "f1-score": 0.0,
    "support": 2.0
  },
  "accuracy": 0.8846153846153846,
  "macro avg": {
    "precision": 0.7782866621682412,
    "recall": 0.789596688034188,
    "f1-score": 0.7777905385503009,
    "support": 104.0
  },
  "weighted avg": {
    "precision": 0.8753879892037786,
    "recall": 0.8846153846153846,
    "f1-score": 0.874044847813948,
    "support": 104.0
  }
}