{
  "HDPE": {
    "precision": 0.8888888888888888,
    "recall": 1.0,
    "f1-score": 0.9411764705882353,
    "support": 16.0
  },
  "LDPE": {
    "precision": 0.8181818181818182,
    "recall": 0.6923076923076923,
    "f1-score": 0.75,
    "support": 13.0
  },
  "PET": {
    "precision": 0.7727272727272727,
    "recall": 0.9444444444444444,
    "f1-score": 0.85,
    "support": 18.0
  },
  "PP": {
    "precision": 0.9285714285714286,
    "recall": 0.8125,
    "f1-score": 0.8666666666666667,
    "support": 16.0
  },
  "PS": {
    "precision": 1.0,
    "recall": 0.9230769230769231,
    "f1-score": 0.96,
    "support": 13.0
  },
  "PVC": {
    "precision": 1.0,
    "recall": 0.9444444444444444,
    "f1-score": 0.9714285714285714,
    "support": 18.0
  },
  "accuracy": 0.8936170212765957,
  "macro avg": {
    "precision": 0.9013949013949015,
    "recall": 0.8861289173789174,
    "f1-score": 0.8898786181139121,
    "support": 94.0
  },
  "weighted avg": {
    "precision": 0.9002640385619108,
    "recall": 0.8936170212765957,
    "f1-score": 0.892991537040348,
    "support": 94.0
  }
}