{
  "HDPE": {
    "precision": 0.40625,
    "recall": 0.8125,
    "f1-score": 0.5416666666666666,
    "support": 16.0
  },
  "LDPE": {
    "precision": 0.75,
    "recall": 0.23076923076923078,
    "f1-score": 0.35294117647058826,
    "support": 13.0
  },
  "PET": {
    "precision": 0.625,
    "recall": 0.8333333333333334,
    "f1-score": 0.7142857142857143,
    "support": 18.0
  },
  "PP": {
    "precision": 0.5,
    "recall": 0.375,
    "f1-score": 0.42857142857142855,
    "support": 16.0
  },
  "PS": {
    "precision": 0.6666666666666666,
    "recall": 0.3076923076923077,
    "f1-score": 0.42105263157894735,
    "support": 13.0
  },
  "PVC": {
    "precision": 0.6875,
    "recall": 0.6111111111111112,
    "f1-score": 0.6470588235294118,
    "support": 18.0
  },
  "accuracy": 0.5531914893617021,
  "macro avg": {
    "precision": 0.6059027777777778,
    "recall": 0.5284009971509972,
    "f1-score": 0.5175960735171261,
    "support": 94.0
  },
  "weighted avg": {
    "precision": 0.6015070921985816,
    "recall": 0.5531914893617021,
    "f1-score": 0.5328716032885719,
    "support": 94.0
  }
}