{
  "HDPE": {
    "precision": 0.17391304347826086,
    "recall": 0.25,
    "f1-score": 0.20512820512820512,
    "support": 16.0
  },
  "LDPE": {
    "precision": 0.0,
    "recall": 0.0,
    "f1-score": 0.0,
    "support": 13.0
  },
  "PET": {
    "precision": 0.0,
    "recall": 0.0,
    "f1-score": 0.0,
    "support": 18.0
  },
  "PP": {
    "precision": 0.47058823529411764,
    "recall": 0.5,
    "f1-score": 0.48484848484848486,
    "support": 16.0
  },
  "PS": {
    "precision": 0.0,
    "recall": 0.0,
    "f1-score": 0.0,
    "support": 13.0
  },
  "PVC": {
    "precision": 0.2549019607843137,
    "recall": 0.7222222222222222,
    "f1-score": 0.37681159420289856,
    "support": 18.0
  },
  "accuracy": 0.26595744680851063,
  "macro avg": {
    "precision": 0.14990053992611538,
    "recall": 0.24537037037037038,
    "f1-score": 0.17779804736326477,
    "support": 94.0
  },
  "weighted avg": {
    "precision": 0.15851335909016706,
    "recall": 0.26595744680851063,
    "f1-score": 0.18959825250297035,
    "support": 94.0
  }
}