{
  "HDPE": {
    "precision": 0.3111111111111111,
    "recall": 0.875,
    "f1-score": 0.45901639344262296,
    "support": 16.0
  },
  "LDPE": {
    "precision": 0.0,
    "recall": 0.0,
    "f1-score": 0.0,
    "support": 13.0
  },
  "Other": {
    "precision": 0.0,
    "recall": 0.0,
    "f1-score": 0.0,
    "support": 8.0
  },
  "PET": {
    "precision": 0.3055555555555556,
    "recall": 0.6111111111111112,
    "f1-score": 0.4074074074074074,
    "support": 18.0
  },
  "PP": {
    "precision": 0.5,
    "recall": 0.0625,
    "f1-score": 0.1111111111111111,
    "support": 16.0
  },
  "PS": {
    "precision": 0.0,
    "recall": 0.0,
    "f1-score": 0.0,
    "support": 13.0
  },
  "PVC": {
    "precision": 0.23809523809523808,
    "recall": 0.2777777777777778,
    "f1-score": 0.2564102564102564,
    "support": 18.0
  },
  "unknown": {
    "precision": 0.0,
    "recall": 0.0,
    "f1-score": 0.0,
    "support": 2.0
  },
  "accuracy": 0.2980769230769231,
  "macro avg": {
    "precision": 0.1693452380952381,
    "recall": 0.2282986111111111,
    "f1-score": 0.15424314604642472,
    "support": 104.0
  },
  "weighted avg": {
    "precision": 0.21887973137973138,
    "recall": 0.2980769230769231,
    "f1-score": 0.20260344251517012,
    "support": 104.0
  }
}