{
  "HDPE": {
    "precision": 0.6666666666666666,
    "recall": 0.875,
    "f1-score": 0.7567567567567568,
    "support": 16.0
  },
  "LDPE": {
    "precision": 0.9,
    "recall": 0.6923076923076923,
    "f1-score": 0.782608695652174,
    "support": 13.0
  },
  "Other": {
    "precision": 0.7272727272727273,
    "recall": 1.0,
    "f1-score": 0.8421052631578947,
    "support": 8.0
  },
  "PET": {
    "precision": 0.9375,
    "recall": 0.8333333333333334,
    "f1-score": 0.8823529411764706,
    "support": 18.0
  },
  "PP": {
    "precision": 0.8125,
    "recall": 0.8125,
    "f1-score": 0.8125,
    "support": 16.0
  },
  "PS": {
    "precision": 0.9285714285714286,
    "recall": 1.0,
    "f1-score": 0.9629629629629629,
    "support": 13.0
  },
  "PVC": {
    "precision": 0.6923076923076923,
    "recall": 0.5,
    "f1-score": 0.5806451612903226,
    "support": 18.0
  },
  "unknown": {
    "precision": 0.0,
    "recall": 0.0,
    "f1-score": 0.0,
    "support": 2.0
  },
  "accuracy": 0.7788461538461539,
  "macro avg": {
    "precision": 0.7081023143523144,
    "recall": 0.7141426282051282,
    "f1-score": 0.7024914726245727,
    "support": 104.0
  },
  "weighted avg": {
    "precision": 0.7941616876713031,
    "recall": 0.7788461538461539,
    "f1-score": 0.7776091117285607,
    "support": 104.0
  }
}