{
  "HDPE": {
    "precision": 0.34782608695652173,
    "recall": 0.5,
    "f1-score": 0.41025641025641024,
    "support": 16.0
  },
  "LDPE": {
    "precision": 0.6666666666666666,
    "recall": 0.15384615384615385,
    "f1-score": 0.25,
    "support": 13.0
  },
  "Other": {
    "precision": 0.0,
    "recall": 0.0,
    "f1-score": 0.0,
    "support": 8.0
  },
  "PET": {
    "precision": 0.42857142857142855,
    "recall": 0.5,
    "f1-score": 0.46153846153846156,
    "support": 18.0
  },
  "PP": {
    "precision": 0.34615384615384615,
    "recall": 0.5625,
    "f1-score": 0.42857142857142855,
    "support": 16.0
  },
  "PS": {
    "precision": 0.42105263157894735,
    "recall": 0.6153846153846154,
    "f1-score": 0.5,
    "support": 13.0
  },
  "PVC": {
    "precision": 0.75,
    "recall": 0.5,
    "f1-score": 0.6,
    "support": 18.0
  },
  "unknown": {
    "precision": 0.0,
    "recall": 0.0,
    "f1-score": 0.0,
    "support": 2.0
  },
  "accuracy": 0.4326923076923077,
  "macro avg": {
    "precision": 0.37003383249092636,
    "recall": 0.35396634615384615,
    "f1-score": 0.33129578754578753,
    "support": 104.0
  },
  "weighted avg": {
    "precision": 0.4467145723196595,
    "recall": 0.4326923076923077,
    "f1-score": 0.4065282473936321,
    "support": 104.0
  }
}