{
  "HDPE": {
    "precision": 0.43333333333333335,
    "recall": 0.8125,
    "f1-score": 0.5652173913043478,
    "support": 16.0
  },
  "LDPE": {
    "precision": 0.5714285714285714,
    "recall": 0.3076923076923077,
    "f1-score": 0.4,
    "support": 13.0
  },
  "Other": {
    "precision": 0.75,
    "recall": 0.375,
    "f1-score": 0.5,
    "support": 8.0
  },
  "PET": {
    "precision": 0.5357142857142857,
    "recall": 0.8333333333333334,
    "f1-score": 0.6521739130434783,
    "support": 18.0
  },
  "PP": {
    "precision": 0.7692307692307693,
    "recall": 0.625,
    "f1-score": 0.6896551724137931,
    "support": 16.0
  },
  "PS": {
    "precision": 0.5454545454545454,
    "recall": 0.46153846153846156,
    "f1-score": 0.5,
    "support": 13.0
  },
  "PVC": {
    "precision": 0.6363636363636364,
    "recall": 0.3888888888888889,
    "f1-score": 0.4827586206896552,
    "support": 18.0
  },
  "unknown": {
    "precision": 0.0,
    "recall": 0.0,
    "f1-score": 0.0,
    "support": 2.0
  },
  "accuracy": 0.5576923076923077,
  "macro avg": {
    "precision": 0.5301906426906426,
    "recall": 0.475494123931624,
    "f1-score": 0.4737256371814093,
    "support": 104.0
  },
  "weighted avg": {
    "precision": 0.5851721995952766,
    "recall": 0.5576923076923077,
    "f1-score": 0.540449486795064,
    "support": 104.0
  }
}