{
  "HDPE": {
    "precision": 0.5789473684210527,
    "recall": 0.6875,
    "f1-score": 0.6285714285714286,
    "support": 16.0
  },
  "LDPE": {
    "precision": 0.8333333333333334,
    "recall": 0.38461538461538464,
    "f1-score": 0.5263157894736842,
    "support": 13.0
  },
  "Other": {
    "precision": 0.8,
    "recall": 1.0,
    "f1-score": 0.8888888888888888,
    "support": 8.0
  },
  "PET": {
    "precision": 0.85,
    "recall": 0.9444444444444444,
    "f1-score": 0.8947368421052632,
    "support": 18.0
  },
  "PP": {
    "precision": 0.7777777777777778,
    "recall": 0.875,
    "f1-score": 0.8235294117647058,
    "support": 16.0
  },
  "PS": {
    "precision": 1.0,
    "recall": 0.9230769230769231,
    "f1-score": 0.96,
    "support": 13.0
  },
  "PVC": {
    "precision": 0.6842105263157895,
    "recall": 0.7222222222222222,
    "f1-score": 0.7027027027027027,
    "support": 18.0
  },
  "unknown": {
    "precision": 0.0,
    "recall": 0.0,
    "f1-score": 0.0,
    "support": 2.0
  },
  "accuracy": 0.7692307692307693,
  "macro avg": {
    "precision": 0.6905336257309942,
    "recall": 0.6921073717948718,
    "f1-score": 0.6780931329383342,
    "support": 104.0
  },
  "weighted avg": {
    "precision": 0.7649685110211426,
    "recall": 0.7692307692307693,
    "f1-score": 0.7540455925595244,
    "support": 104.0
  }
}