{
  "HDPE": {
    "precision": 0.6842105263157895,
    "recall": 0.8125,
    "f1-score": 0.7428571428571429,
    "support": 16.0
  },
  "LDPE": {
    "precision": 1.0,
    "recall": 0.5384615384615384,
    "f1-score": 0.7,
    "support": 13.0
  },
  "Other": {
    "precision": 0.6666666666666666,
    "recall": 1.0,
    "f1-score": 0.8,
    "support": 8.0
  },
  "PET": {
    "precision": 0.9473684210526315,
    "recall": 1.0,
    "f1-score": 0.972972972972973,
    "support": 18.0
  },
  "PP": {
    "precision": 0.7222222222222222,
    "recall": 0.8125,
    "f1-score": 0.7647058823529411,
    "support": 16.0
  },
  "PS": {
    "precision": 0.9230769230769231,
    "recall": 0.9230769230769231,
    "f1-score": 0.9230769230769231,
    "support": 13.0
  },
  "PVC": {
    "precision": 1.0,
    "recall": 0.8888888888888888,
    "f1-score": 0.9411764705882353,
    "support": 18.0
  },
  "unknown": {
    "precision": 0.0,
    "recall": 0.0,
    "f1-score": 0.0,
    "support": 2.0
  },
  "accuracy": 0.8365384615384616,
  "macro avg": {
    "precision": 0.742943094916779,
    "recall": 0.7469284188034188,
    "f1-score": 0.7305986739810268,
    "support": 104.0
  },
  "weighted avg": {
    "precision": 0.8450854700854701,
    "recall": 0.8365384615384616,
    "f1-score": 0.8276509460332989,
    "support": 104.0
  }
}