{
  "HDPE": {
    "precision": 0.7647058823529411,
    "recall": 0.8125,
    "f1-score": 0.7878787878787878,
    "support": 16.0
  },
  "LDPE": {
    "precision": 0.7777777777777778,
    "recall": 0.5384615384615384,
    "f1-score": 0.6363636363636364,
    "support": 13.0
  },
  "PET": {
    "precision": 0.6956521739130435,
    "recall": 0.8888888888888888,
    "f1-score": 0.7804878048780488,
    "support": 18.0
  },
  "PP": {
    "precision": 0.8666666666666667,
    "recall": 0.8125,
    "f1-score": 0.8387096774193549,
    "support": 16.0
  },
  "PS": {
    "precision": 0.8571428571428571,
    "recall": 0.9230769230769231,
    "f1-score": 0.8888888888888888,
    "support": 13.0
  },
  "PVC": {
    "precision": 0.875,
    "recall": 0.7777777777777778,
    "f1-score": 0.8235294117647058,
    "support": 18.0
  },
  "accuracy": 0.7978723404255319,
  "macro avg": {
    "precision": 0.8061575596422145,
    "recall": 0.7922008547008547,
    "f1-score": 0.7926430345322372,
    "support": 94.0
  },
  "weighted avg": {
    "precision": 0.8045496613693273,
    "recall": 0.7978723404255319,
    "f1-score": 0.7949575337513053,
    "support": 94.0
  }
}