{
  "accuracy_mean": 0.3507400555041628,
  "accuracy_std": 0.08975748745775151,
  "f1_macro_mean": 0.2953094405162426,
  "f1_macro_std": 0.08353430463605577,
  "precision_mean": 0.3868131165922647,
  "precision_std": 0.12076525337343048,
  "recall_mean": 0.34281746031746035,
  "recall_std": 0.08682867643709802
}