{
  "accuracy": 0.3504273504273504,
  "f1_macro": 0.3391558851936756,
  "precision": 0.3439522998618221,
  "recall": 0.3399935379153151
}