{
  "accuracy_mean": 0.871831637372803,
  "accuracy_std": 0.045536745784926586,
  "f1_macro_mean": 0.8645916599167374,
  "f1_macro_std": 0.049242869937490365,
  "precision_mean": 0.8745196007696008,
  "precision_std": 0.04932331179290351,
  "recall_mean": 0.8656812169312168,
  "recall_std": 0.04909133142919999
}