{
  "accuracy": 0.8717948717948718,
  "f1_macro": 0.8667868908959185,
  "precision": 0.869090905819626,
  "recall": 0.8654862424705779
}