{
  "accuracy": 0.8557692307692307,
  "f1_macro": 0.7521345826443278,
  "precision": 0.7501393472368705,
  "recall": 0.7670272435897436
}