{
  "accuracy_mean": 0.8440333024976873,
  "accuracy_std": 0.052439604034950967,
  "f1_macro_mean": 0.8364238191289276,
  "f1_macro_std": 0.056560332222310605,
  "precision_mean": 0.8522450697450697,
  "precision_std": 0.05640404988497567,
  "recall_mean": 0.8379828042328044,
  "recall_std": 0.05533974878913295
}