{
  "accuracy_mean": 0.5388529139685476,
  "accuracy_std": 0.07958312253005004,
  "f1_macro_mean": 0.5012901585808438,
  "f1_macro_std": 0.09755460913587374,
  "precision_mean": 0.6067636649605959,
  "precision_std": 0.11953780832287982,
  "recall_mean": 0.5371891534391533,
  "recall_std": 0.07547590562975606
}