{
  "accuracy_mean": 0.2776595744680851,
  "accuracy_std": 0.0637150727481456,
  "f1_macro_mean": 0.24576758870406748,
  "f1_macro_std": 0.05747301060126048,
  "precision_mean": 0.29076610167562855,
  "precision_std": 0.06702681592616136,
  "recall_mean": 0.2918981481481481,
  "recall_std": 0.061580973377245066
}