{
  "accuracy": 0.2777777777777778,
  "f1_macro": 0.2704314096259762,
  "precision": 0.2826775074164321,
  "recall": 0.2887654219247061
}