{
  "accuracy_mean": 0.7304810360777059,
  "accuracy_std": 0.06056910752144546,
  "f1_macro_mean": 0.7182171459145142,
  "f1_macro_std": 0.06058509302248388,
  "precision_mean": 0.7428285603285603,
  "precision_std": 0.07111069611727525,
  "recall_mean": 0.7234391534391534,
  "recall_std": 0.06124910123380123
}