{
  "accuracy": 0.7307692307692307,
  "f1_macro": 0.7211579029878782,
  "precision": 0.7239532253393715,
  "recall": 0.723648913268312
}