{
  "accuracy_mean": 0.33982423681776136,
  "accuracy_std": 0.0617257872858115,
  "f1_macro_mean": 0.331337476658886,
  "f1_macro_std": 0.06961876858394535,
  "precision_mean": 0.35985598823834114,
  "precision_std": 0.08814491115029977,
  "recall_mean": 0.3482671957671958,
  "recall_std": 0.05807400905724298
}