{
  "accuracy": 0.33974358974358976,
  "f1_macro": 0.3393455727714032,
  "precision": 0.3589310004066375,
  "recall": 0.34699802535533425
}