{
  "accuracy": 0.30851063829787234,
  "f1_macro": 0.23987739016202014,
  "precision": 0.25184963671805777,
  "recall": 0.28125
}