{
  "accuracy": 0.4148936170212766,
  "f1_macro": 0.355618261940101,
  "precision": 0.3581064904594316,
  "recall": 0.3891559829059829
}