{
  "accuracy": 0.8829787234042553,
  "f1_macro": 0.8799099287808966,
  "precision": 0.8931951089845827,
  "recall": 0.8768696581196581
}