{
  "accuracy_mean": 0.42738205365402404,
  "accuracy_std": 0.041688208254617956,
  "f1_macro_mean": 0.32005634011347717,
  "f1_macro_std": 0.03601560182511902,
  "precision_mean": 0.28699145489586664,
  "precision_std": 0.035559683017528855,
  "recall_mean": 0.38999999999999996,
  "recall_std": 0.044039532838972044
}