{
  "accuracy": 0.42735042735042733,
  "f1_macro": 0.3243296233692438,
  "precision": 0.2845355485602057,
  "recall": 0.38964778813858336
}