{
  "accuracy_mean": 0.8740518038852914,
  "accuracy_std": 0.04482724813197245,
  "f1_macro_mean": 0.8698772480815823,
  "f1_macro_std": 0.04840737750036401,
  "precision_mean": 0.8861778499278501,
  "precision_std": 0.0471956870491227,
  "recall_mean": 0.8722619047619048,
  "recall_std": 0.045279974581414716
}