{
  "accuracy": 0.8739316239316239,
  "f1_macro": 0.8714437483639697,
  "precision": 0.8745207563083044,
  "recall": 0.8704432711899889
}