{
  "accuracy_mean": 0.2819611470860314,
  "accuracy_std": 0.0885596800732385,
  "f1_macro_mean": 0.24030565404962773,
  "f1_macro_std": 0.10131450432085444,
  "precision_mean": 0.26628508709391063,
  "precision_std": 0.11436017098491669,
  "recall_mean": 0.2808201058201058,
  "recall_std": 0.08407549337676068
}