{
  "accuracy": 0.28205128205128205,
  "f1_macro": 0.2788153114789094,
  "precision": 0.28699512660455917,
  "recall": 0.28343375427029993
}