{
  "accuracy": 0.24468085106382978,
  "f1_macro": 0.18446547079722272,
  "precision": 0.15780879401569056,
  "recall": 0.22337962962962962
}