{
  "accuracy": 0.7446808510638298,
  "f1_macro": 0.7457267542566998,
  "precision": 0.7549489496857918,
  "recall": 0.7435897435897436
}