{
  "accuracy": 0.7340425531914894,
  "f1_macro": 0.7356580015344383,
  "precision": 0.7412262982115924,
  "recall": 0.7344195156695156
}