{
  "accuracy_mean": 0.4444495837187789,
  "accuracy_std": 0.05842545528222362,
  "f1_macro_mean": 0.3789436134649043,
  "f1_macro_std": 0.07102025102674588,
  "precision_mean": 0.5017744032846602,
  "precision_std": 0.1379930728302735,
  "recall_mean": 0.44011243386243387,
  "recall_std": 0.06880603026644834
}