{
  "accuracy": 0.4444444444444444,
  "f1_macro": 0.4395140707414093,
  "precision": 0.44138867041757807,
  "recall": 0.4431314767396091
}