{
  "accuracy": 0.20212765957446807,
  "f1_macro": 0.17642434194158332,
  "precision": 0.162633547008547,
  "recall": 0.20548433048433049
}