{
  "accuracy": 0.9042553191489362,
  "f1_macro": 0.902501920122888,
  "precision": 0.9105874925727867,
  "recall": 0.8989494301994302
}