{
  "accuracy": 0.46808510638297873,
  "f1_macro": 0.40771354249615116,
  "precision": 0.42025171624713953,
  "recall": 0.4591346153846154
}