{
  "accuracy": 0.875,
  "f1_macro": 0.7690988515197275,
  "precision": 0.7635114428699955,
  "recall": 0.781784188034188
}