{
  "accuracy": 0.8404255319148937,
  "f1_macro": 0.8444336219336219,
  "precision": 0.8809514831573656,
  "recall": 0.8351139601139601
}