{
  "accuracy_mean": 0.8011563367252545,
  "accuracy_std": 0.05760458728407445,
  "f1_macro_mean": 0.7918307364863093,
  "f1_macro_std": 0.06035946081456448,
  "precision_mean": 0.8083405483405484,
  "precision_std": 0.05887031345192969,
  "recall_mean": 0.7967857142857143,
  "recall_std": 0.058891402419296864
}