{
  "accuracy": 0.8012820512820513,
  "f1_macro": 0.7955737914131743,
  "precision": 0.7975350252336767,
  "recall": 0.7954280187774719
}