{
  "accuracy_mean": 0.9123496762257168,
  "accuracy_std": 0.04910683122162144,
  "f1_macro_mean": 0.9082626201627748,
  "f1_macro_std": 0.05332213095858283,
  "precision_mean": 0.9180134680134682,
  "precision_std": 0.047421481100694454,
  "recall_mean": 0.9080555555555556,
  "recall_std": 0.05470713655723013
}