{
  "accuracy": 0.3617021276595745,
  "f1_macro": 0.3195471584945269,
  "precision": 0.5240181869849388,
  "recall": 0.3868411680911681
}