{
  "accuracy": 0.3404255319148936,
  "f1_macro": 0.2964247714589712,
  "precision": 0.3413632119514473,
  "recall": 0.3208689458689459
}