{
  "accuracy": 0.35106382978723405,
  "f1_macro": 0.23360066478894126,
  "precision": 0.298989898989899,
  "recall": 0.3493589743589744
}