fold,accuracy,f1_macro,precision,recall
1,0.8936170212765957,0.8939241486068111,0.9170454545454546,0.8865740740740741
2,1.0,1.0,1.0,1.0
3,0.9787234042553191,0.9790849673202615,0.9814814814814815,0.9791666666666666
4,0.9574468085106383,0.9555555555555554,0.9696969696969697,0.9523809523809524
5,0.9148936170212766,0.9122436558969067,0.9185185185185185,0.9107142857142857
6,0.9148936170212766,0.9168091168091168,0.9243386243386243,0.9160052910052912
7,0.9148936170212766,0.9153021442495127,0.9185185185185185,0.914351851851852
8,0.8936170212765957,0.8830532212885155,0.920875420875421,0.8791666666666668
9,0.9782608695652174,0.9790849673202615,0.9814814814814815,0.9791666666666666
10,0.8913043478260869,0.8789570079043764,0.9054112554112553,0.875
