{
  "accuracy_mean": 0.9102682701202591,
  "accuracy_std": 0.044576443304927875,
  "f1_macro_mean": 0.9065346592978172,
  "f1_macro_std": 0.04840255397347672,
  "precision_mean": 0.9151924001924001,
  "precision_std": 0.04350787162483014,
  "recall_mean": 0.9067328042328043,
  "recall_std": 0.0504215280596248
}