{
  "accuracy": 0.9102564102564102,
  "f1_macro": 0.9077899926892504,
  "precision": 0.9088847497439533,
  "recall": 0.9068865968943941
}