{
  "accuracy": 0.6276595744680851,
  "f1_macro": 0.6165480112848534,
  "precision": 0.6302757427757428,
  "recall": 0.6180555555555555
}