{
  "accuracy_mean": 0.869750231267345,
  "accuracy_std": 0.05730026400087095,
  "f1_macro_mean": 0.862349523255096,
  "f1_macro_std": 0.06256416970345163,
  "precision_mean": 0.8751948051948053,
  "precision_std": 0.06394908993628155,
  "recall_mean": 0.8626719576719577,
  "recall_std": 0.06208745314356582
}