{
  "accuracy": 0.8696581196581197,
  "f1_macro": 0.8647722581877396,
  "precision": 0.8685269098699303,
  "recall": 0.8628820758039112
}