{
  "accuracy": 0.5531914893617021,
  "f1_macro": 0.5193722102970303,
  "precision": 0.5380873131445214,
  "recall": 0.5284009971509972
}