{
  "accuracy_mean": 0.5661424606845513,
  "accuracy_std": 0.07047395655556658,
  "f1_macro_mean": 0.5419594990268701,
  "f1_macro_std": 0.07163736394447089,
  "precision_mean": 0.5985992479742479,
  "precision_std": 0.07679672590521781,
  "recall_mean": 0.5611177248677248,
  "recall_std": 0.07031967015579613
}