{
  "accuracy": 0.5662393162393162,
  "f1_macro": 0.5595567854081872,
  "precision": 0.5699760789493317,
  "recall": 0.5616703785581111
}