{
  "accuracy_mean": 0.9080481036077707,
  "accuracy_std": 0.04967579504961491,
  "f1_macro_mean": 0.9043947448320513,
  "f1_macro_std": 0.052165470875143456,
  "precision_mean": 0.9128348965848966,
  "precision_std": 0.049624641531618434,
  "recall_mean": 0.9038888888888887,
  "recall_std": 0.05264451223444224
}