{
  "accuracy": 0.9081196581196581,
  "f1_macro": 0.9058403631559938,
  "precision": 0.9081709865206657,
  "recall": 0.90404007575519
}