{
  "accuracy": 0.46808510638297873,
  "f1_macro": 0.34639663752255195,
  "precision": 0.29214365881032545,
  "recall": 0.4447115384615385
}