{
  "accuracy": 0.4574468085106383,
  "f1_macro": 0.4468309468309468,
  "precision": 0.5136724386724386,
  "recall": 0.44880698005698005
}