{
  "accuracy": 0.26595744680851063,
  "f1_macro": 0.17779804736326474,
  "precision": 0.14990053992611538,
  "recall": 0.24537037037037038
}