{
  "accuracy_mean": 0.7070305272895467,
  "accuracy_std": 0.08728195054237467,
  "f1_macro_mean": 0.6944298702386937,
  "f1_macro_std": 0.08810393200025661,
  "precision_mean": 0.7180194342694342,
  "precision_std": 0.09106729260297432,
  "recall_mean": 0.7019841269841269,
  "recall_std": 0.08491697770232295
}