{
  "accuracy": 0.7072649572649573,
  "f1_macro": 0.700115390608521,
  "precision": 0.7004061870530554,
  "recall": 0.7015905584154171
}