{
  "accuracy": 0.8829787234042553,
  "f1_macro": 0.8798112198886194,
  "precision": 0.8883964962912332,
  "recall": 0.8768696581196581
}