{
  "accuracy": 0.5212765957446809,
  "f1_macro": 0.466774368948282,
  "precision": 0.6515873015873016,
  "recall": 0.49973290598290593
}