{
  "accuracy": 0.5106382978723404,
  "f1_macro": 0.510601595384204,
  "precision": 0.5872520725461902,
  "recall": 0.5129095441595442
}