{
  "accuracy_mean": 0.30564292321924147,
  "accuracy_std": 0.04421396175322812,
  "f1_macro_mean": 0.20767060316500013,
  "f1_macro_std": 0.0302242011085874,
  "precision_mean": 0.18979516439640054,
  "precision_std": 0.03854011354408274,
  "recall_mean": 0.27925925925925926,
  "recall_std": 0.041659361499532095
}