{
  "accuracy": 0.3055555555555556,
  "f1_macro": 0.21066044295210962,
  "precision": 0.19868329868329868,
  "recall": 0.27881489476200255
}