{
  "accuracy": 0.19148936170212766,
  "f1_macro": 0.056074766355140186,
  "precision": 0.033707865168539325,
  "recall": 0.16666666666666666
}