{
  "accuracy": 0.44680851063829785,
  "f1_macro": 0.35577755577755577,
  "precision": 0.49911477411477406,
  "recall": 0.4156873219373219
}