{
  "accuracy": 0.9337606837606838,
  "f1_macro": 0.9326117687150748,
  "precision": 0.937383694703112,
  "recall": 0.9297932891201044
}