{
  "accuracy_mean": 0.30365402405180386,
  "accuracy_std": 0.061344464313335574,
  "f1_macro_mean": 0.2602024619923732,
  "f1_macro_std": 0.05408204338110847,
  "precision_mean": 0.2809048821548822,
  "precision_std": 0.07257542649881617,
  "recall_mean": 0.30017195767195765,
  "recall_std": 0.05790987464955001
}