{
  "accuracy": 0.3034188034188034,
  "f1_macro": 0.2965379518367449,
  "precision": 0.2996786995992543,
  "recall": 0.2981383751084013
}