{
  "accuracy": 0.8829787234042553,
  "f1_macro": 0.8781783270492949,
  "precision": 0.8963718714492709,
  "recall": 0.8744658119658121
}