precision,recall,f1,support
0.8421052631578947,1.0,0.9142857142857143,16
0.8888888888888888,0.6153846153846154,0.7272727272727274,13
0.7727272727272727,0.9444444444444444,0.85,18
0.9333333333333333,0.875,0.9032258064516129,16
1.0,0.9230769230769231,0.9600000000000001,13
0.9411764705882353,0.8888888888888888,0.9142857142857143,18
