{
  "accuracy_mean": 0.9102682701202591,
  "accuracy_std": 0.0465632549153351,
  "f1_macro_mean": 0.9061715340043512,
  "f1_macro_std": 0.05016402412635248,
  "precision_mean": 0.9130796055796058,
  "precision_std": 0.04681224754001359,
  "recall_mean": 0.9057407407407407,
  "recall_std": 0.051257567835462536
}