{
  "accuracy": 0.9102564102564102,
  "f1_macro": 0.907388100546115,
  "precision": 0.9096439623276783,
  "recall": 0.9057710092090642
}