{
  "accuracy": 0.39361702127659576,
  "f1_macro": 0.28122408293460927,
  "precision": 0.30424174174174173,
  "recall": 0.39814814814814814
}