{
  "accuracy": 0.8723404255319149,
  "f1_macro": 0.8694636263057317,
  "precision": 0.8759435353088604,
  "recall": 0.8664529914529915
}