{
  "accuracy_mean": 0.6513413506012952,
  "accuracy_std": 0.06600673083117929,
  "f1_macro_mean": 0.6353854213954833,
  "f1_macro_std": 0.06588320215379621,
  "precision_mean": 0.6594071206571207,
  "precision_std": 0.06976102979659103,
  "recall_mean": 0.6401256613756614,
  "recall_std": 0.06473077946289342
}