{
  "accuracy": 0.6517094017094017,
  "f1_macro": 0.6387741296872486,
  "precision": 0.6443115802326329,
  "recall": 0.6404516309387934
}