{
  "accuracy_mean": 0.6833487511563366,
  "accuracy_std": 0.08338775716400572,
  "f1_macro_mean": 0.6709320635791224,
  "f1_macro_std": 0.07899687148337428,
  "precision_mean": 0.6950114237614238,
  "precision_std": 0.08237992726327467,
  "recall_mean": 0.6766203703703704,
  "recall_std": 0.07725683784222111
}