{
  "accuracy": 0.6837606837606838,
  "f1_macro": 0.6744186422642818,
  "precision": 0.6755195029799914,
  "recall": 0.6754188949639434
}