{
  "accuracy_mean": 0.3417668825161887,
  "accuracy_std": 0.04486560267716627,
  "f1_macro_mean": 0.23637689943673607,
  "f1_macro_std": 0.028785347732241368,
  "precision_mean": 0.20936376531964768,
  "precision_std": 0.03160986733448046,
  "recall_mean": 0.3123611111111111,
  "recall_std": 0.04451145122463946
}