{
  "accuracy": 0.3404255319148936,
  "f1_macro": 0.301223618296789,
  "precision": 0.2861388824304425,
  "recall": 0.32211538461538464
}