{
  "accuracy_mean": 0.9123034227567068,
  "accuracy_std": 0.050197353722326615,
  "f1_macro_mean": 0.9081131438793977,
  "f1_macro_std": 0.05484089606077917,
  "precision_mean": 0.9159752284752287,
  "precision_std": 0.05135946188424088,
  "recall_mean": 0.9074272486772488,
  "recall_std": 0.05575576523681527
}