{
  "accuracy": 0.9123931623931624,
  "f1_macro": 0.9096663202234391,
  "precision": 0.9119803420159345,
  "recall": 0.9080296408714897
}