{
  "accuracy": 0.1702127659574468,
  "f1_macro": 0.052287581699346414,
  "precision": 0.031007751937984496,
  "recall": 0.16666666666666666
}