{
  "accuracy_mean": 0.2971322849213691,
  "accuracy_std": 0.06040185955062487,
  "f1_macro_mean": 0.19948859188449894,
  "f1_macro_std": 0.04236368987249121,
  "precision_mean": 0.17861954869097774,
  "precision_std": 0.04895156770853922,
  "recall_mean": 0.27152777777777776,
  "recall_std": 0.0548181188005756
}