{
  "accuracy": 0.297008547008547,
  "f1_macro": 0.2017659831884011,
  "precision": 0.18404318864413413,
  "recall": 0.27072634644356913
}