{
  "accuracy_mean": 0.7329324699352451,
  "accuracy_std": 0.06538486969001134,
  "f1_macro_mean": 0.7222670154636098,
  "f1_macro_std": 0.07042165563399405,
  "precision_mean": 0.747018537018537,
  "precision_std": 0.07477725063322892,
  "recall_mean": 0.727063492063492,
  "recall_std": 0.06921754188207213
}