{
  "accuracy": 0.7329059829059829,
  "f1_macro": 0.7267374956001048,
  "precision": 0.7325664658367698,
  "recall": 0.7251109639248013
}