{
  "accuracy": 0.925531914893617,
  "f1_macro": 0.9253590629800308,
  "precision": 0.934280303030303,
  "recall": 0.9210292022792023
}