{
  "accuracy_mean": 0.9144773358001851,
  "accuracy_std": 0.04870841677468932,
  "f1_macro_mean": 0.910765577874711,
  "f1_macro_std": 0.05222664202313994,
  "precision_mean": 0.9193993506493507,
  "precision_std": 0.04888441036427909,
  "recall_mean": 0.9101388888888888,
  "recall_std": 0.052958567787360036
}