{
  "accuracy": 0.9145299145299145,
  "f1_macro": 0.9121642429569259,
  "precision": 0.9150373011465796,
  "recall": 0.9101627295743208
}