{
  "accuracy": 0.4148936170212766,
  "f1_macro": 0.41345088515820233,
  "precision": 0.4633367839889579,
  "recall": 0.40811965811965806
}