{
  "accuracy": 0.4148936170212766,
  "f1_macro": 0.3364171374764595,
  "precision": 0.36524589510600985,
  "recall": 0.3998397435897436
}