{
  "accuracy": 0.3418803418803419,
  "f1_macro": 0.2418643861036636,
  "precision": 0.22935449262959448,
  "recall": 0.31304125757915124
}