{
  "accuracy_mean": 0.6347826086956522,
  "accuracy_std": 0.08852754472390158,
  "f1_macro_mean": 0.6187661374859517,
  "f1_macro_std": 0.09559341072678987,
  "precision_mean": 0.6380366161616162,
  "precision_std": 0.10584895316509718,
  "recall_mean": 0.6289616402116402,
  "recall_std": 0.09372629105877657
}