{
  "accuracy": 0.9123931623931624,
  "f1_macro": 0.9097221068681374,
  "precision": 0.9119980162486514,
  "recall": 0.9080800235620755
}